,job_title,company_name,salary,employment_type,url
0,Data Analyst,KnowledgeWorks Foundation,$64.6K - $81.8K a year is Indeed's estimated salary for this role in Remote.,Full-time,https://www.indeed.com/company/KnowledgeWorks-Foundation/jobs/Data-Analyst-ccd45f40e0f62c5c?fccid=06e5e64237f60318&vjs=3
1,"WFM Real-Time Analyst, Ring Workforce Management",Amazon.com Services LLC,"$42,000 - $54,000 a year",Full-time,https://www.indeed.com/rc/clk?jk=b587ef25965371bb&fccid=fe2d21eef233e94a&vjs=3
2,Data Analyst-Remote,SynergisticIT,$71.7K - $90.7K a year is Indeed's estimated salary for this role in Georgia.,Full-time,https://www.indeed.com/rc/clk?jk=845ca8196d194b4d&fccid=09cebc604b615efc&vjs=3
3,Data Researcher and Analyst | Remote,MoneyGeek.com,"$68K - $86K a year is Indeed's estimated salary for this role in San Francisco, CA.",Full-time,https://www.indeed.com/rc/clk?jk=afd1aac6ae4e91a7&fccid=53e490e47c7340ee&vjs=3
4,Data Analyst (Remote),pulseData,"$60,000 - $80,000 a year",Full-time,https://www.indeed.com/rc/clk?jk=f16fee4d087b8c95&fccid=2c23f29fcd5c78da&vjs=3
5,Trainee - Business Analyst,LeewayHertz,$66.3K - $83.9K a year is Indeed's estimated salary for this role in Remote.,Full-time,https://www.indeed.com/rc/clk?jk=3d69dced3fd65b7a&fccid=67c1c701fe4bb3db&vjs=3
6,Data Analyst,"Gametime United, Inc.",$63.5K - $80.3K a year is Indeed's estimated salary for this role in Remote.,Full-time,https://www.indeed.com/company/Gametime/jobs/Data-Analyst-b0de307e5d5e1f51?fccid=e532a19a6be3c2bc&vjs=3
7,Product Data Analyst,Underdog Fantasy,"$105,000 - $125,000 a year",Full-time,https://www.indeed.com/company/Underdog-Fantasy/jobs/Product-Data-Analyst-e97a2c4fb8e4e05f?fccid=993be2c19dc26b1f&vjs=3
8,Economic Data and Research Analyst,Camoin Associates,$61.1K - $77.3K a year is Indeed's estimated salary for this role in Remote.,,https://www.indeed.com/rc/clk?jk=bd506b43ed49dee3&fccid=68622062554b718a&vjs=3
9,Data Architect - Data Analyst,NewYork-Presbyterian Hospital,,Full-time,https://www.indeed.com/rc/clk?jk=683dd98c2802cdde&fccid=4d5d694743c295fc&vjs=3
10,Data Analyst,Laserfiche,$51.7K - $65.5K a year is Indeed's estimated salary for this role in Remote.,Full-time,https://www.indeed.com/company/Laserfiche/jobs/Data-Analyst-66de5c8336dffb0e?fccid=4d3f4a82e1bbf0dd&vjs=3
11,Data Analyst (Python),Qcentrio,$75.8K - $96K a year is Indeed's estimated salary for this role in Remote.,Contract,https://www.indeed.com/rc/clk?jk=d1218a12442b5c05&fccid=177fabeae07a3025&vjs=3
12,Associate Data Operations Analyst,DAT,"$52.9K - $66.9K a year is Indeed's estimated salary for this role in Denver, CO.",Full-time,https://www.indeed.com/rc/clk?jk=49941070453c802e&fccid=b0a5d52e8cf43ca8&vjs=3
13,Data Analyst,Craneware,$66.5K - $84.3K a year is Indeed's estimated salary for this role in Remote.,Full-time,https://www.indeed.com/company/Craneware/jobs/Data-Analyst-75024b731f0ac73b?fccid=456ec465c974fad1&vjs=3
14,Data Informatics Analyst 2,WEX Inc.,"$60,000 - $80,000 a year",Full-time,https://www.indeed.com/rc/clk?jk=80c0208dff145e4f&fccid=c9538b927313f8e0&vjs=3
15,"Data Analyst, Applied ML",Decide,$68.5K - $86.7K a year is Indeed's estimated salary for this role in Remote.,Full-time,https://www.indeed.com/rc/clk?jk=c53f3797027629e4&fccid=c68e6f08b0c8b2e7&vjs=3
16,People Technology Supporting Business Analyst,Pinterest,,Full-time,https://www.indeed.com/rc/clk?jk=46fc0096d512dc85&fccid=43014b1412e0a7b6&vjs=3
17,"Sr. Data Analyst, I",Frontier,,,https://www.indeed.com/rc/clk?jk=bb049b38542445b6&fccid=81d1e68cec787077&vjs=3
18,Data Science Analyst - 100% Remote,Radian,"$69,238 - $107,309 a year",Full-time,https://www.indeed.com/rc/clk?jk=297d2262f08ec3c1&fccid=49bacaf9ea5daa22&vjs=3
19,Business Analyst,BCD Travel Corporate,$63.9K - $80.9K a year is Indeed's estimated salary for this role in Remote.,Full-time,https://www.indeed.com/rc/clk?jk=cbc6611d64b7629a&fccid=6781744e41089d9b&vjs=3
20,Data Analyst,Location3,"$50,000 - $75,000 a year",Full-time,"https://www.indeed.com/company/Location3-Media,-Inc./jobs/Data-Analyst-ca6b4761fad64870?fccid=e781b907f490b02e&vjs=3"
21,Research Data Analyst,The Rector & Visitors of the University of Virginia,"$35,266 - $45,000 a year",Full-time,https://www.indeed.com/rc/clk?jk=c711ef1c01fae15c&fccid=9c05e44275709723&vjs=3
22,"Business Analyst, Creator Business Analysis",Spotify,"$79.6K - $101K a year is Indeed's estimated salary for this role in New York, NY.",,https://www.indeed.com/rc/clk?jk=ef26c4a3d8b58667&fccid=fe404d18bb9eef1e&vjs=3
23,"Business Analyst, Business Architecture",Tesla,,Full-time,https://www.indeed.com/rc/clk?jk=cf9d16ca92be7bb4&fccid=86e9be6ce380173e&vjs=3
24,Business Intelligence Analyst,American Express Global Business Travel,,Full-time,https://www.indeed.com/rc/clk?jk=68eda4427bb117db&fccid=f057e04c37cca134&vjs=3
25,DATA ANALYST,Lakeview Loan Servicing,"$57.9K - $73.3K a year is Indeed's estimated salary for this role in Fort Lauderdale, FL.",Full-time,https://www.indeed.com/rc/clk?jk=d90e802ef3a9fb00&fccid=3373e2fdb9d9fac9&vjs=3
26,Lead Business Intelligence Analyst,Blizzard Entertainment,"$93.8K - $119K a year is Indeed's estimated salary for this role in Santa Monica, CA.",,https://www.indeed.com/rc/clk?jk=ea9e99610460719c&fccid=645d83ee4cbe1d25&vjs=3
27,Provisioning Assistant/ Business Analyst,Broadpath,$56.3K - $71.3K a year is Indeed's estimated salary for this role in Remote.,Full-time,https://www.indeed.com/rc/clk?jk=64e9a3f81b62790f&fccid=3ba6a72ee37d4999&vjs=3
28,Integrated Data Analyst- Associate,UPMC,,Full-time,https://www.indeed.com/rc/clk?jk=e92e27756dad50e2&fccid=b75dda97eecc3e82&vjs=3
29,Data Analyst (Remote),Low Latency Recruiting,"$74K - $93.8K a year is Indeed's estimated salary for this role in Portland, OR.",,https://www.indeed.com/rc/clk?jk=40f464d53a71c61a&fccid=952d03867ad6d578&vjs=3
30,Junior Business Analyst,Peraton,"Up to $89,773 a year",,https://www.indeed.com/rc/clk?jk=7c8e1d6ba771e351&fccid=7dc8be9efe945d3a&vjs=3
31,Business Analyst,ManTech International Corporation,"$61,600 - $102,300 a year",Full-time,https://www.indeed.com/rc/clk?jk=0f8b76c1fd7fe1e6&fccid=578fa8376f4eec04&vjs=3
32,Associate Data Operations Analyst,DAT,"$52.9K - $66.9K a year is Indeed's estimated salary for this role in Denver, CO.",Full-time,https://www.indeed.com/rc/clk?jk=49941070453c802e&fccid=b0a5d52e8cf43ca8&vjs=3
33,Forecast Data Analyst - New Graduate,Itron,,,https://www.indeed.com/rc/clk?jk=43f325ef55e691fb&fccid=bc47034515663039&vjs=3
34,Data Analyst,"IMG-Crown Energy Services Joint Venture, LLC",$62.7K - $79.5K a year is Indeed's estimated salary for this role in Remote.,Full-time,https://www.indeed.com/company/IMG--Crown/jobs/Data-Analyst-951d3173f677ccec?fccid=7ee2f8d58cb43785&vjs=3
35,SEM Data Analyst,CLEAResult,,Full-time,https://www.indeed.com/rc/clk?jk=a1d664fc6fee59d1&fccid=9525ad1bff5f5c27&vjs=3
36,Insights Data Analyst,Human Security,$72.7K - $92.1K a year is Indeed's estimated salary for this role in United States.,Full-time,https://www.indeed.com/rc/clk?jk=d1b5ba45642a8309&fccid=2e1c35da13472a98&vjs=3
37,Remote Data / Quant Analyst,RiskSpan,,Full-time,https://www.indeed.com/company/RiskSpan/jobs/Remote-Data-d54ee9ffda702dea?fccid=9f7b4a9692015a8a&vjs=3
38,Data Analyst,auticon,"$66.4K - $84K a year is Indeed's estimated salary for this role in Columbus, IN.",Part-time,https://www.indeed.com/rc/clk?jk=7925fe3028b5b0d9&fccid=a5551b6a900b917f&vjs=3
39,"WFM Real-Time Analyst, Ring Workforce Management",Amazon.com Services LLC,"$42,000 - $54,000 a year",Full-time,https://www.indeed.com/rc/clk?jk=b587ef25965371bb&fccid=fe2d21eef233e94a&vjs=3
40,Business Analyst,BCD Travel Corporate,$63.9K - $80.9K a year is Indeed's estimated salary for this role in Remote.,Full-time,https://www.indeed.com/rc/clk?jk=cbc6611d64b7629a&fccid=6781744e41089d9b&vjs=3
41,Business Analyst (Remote-LatAm),Loadsmart,$66.6K - $84.4K a year is Indeed's estimated salary for this role in Remote.,Full-time,https://www.indeed.com/company/LoadSmart/jobs/Business-Analyst-3444c564d07b19ad?fccid=bf02915605893e1a&vjs=3
42,Data Analyst,HelioCampus Inc,$58.2K - $73.6K a year is Indeed's estimated salary for this role in Remote.,,https://www.indeed.com/rc/clk?jk=95e51b4b97bcbe72&fccid=8294a1f3b06f6661&vjs=3
43,Healthcare Data Analyst (Remote),"Knowesis, Inc.",,Full-time,https://www.indeed.com/rc/clk?jk=47971a9b4216f225&fccid=87dc0c4bdcdb1ffe&vjs=3
44,Quality and Health Equity Data Analyst - Telecommute,UnitedHealthcare,,Full-time,https://www.indeed.com/rc/clk?jk=d6013685be2854aa&fccid=d3d3520998346837&vjs=3
45,Lead Business Intelligence Analyst,Blizzard Entertainment,"$93.8K - $119K a year is Indeed's estimated salary for this role in Santa Monica, CA.",,https://www.indeed.com/rc/clk?jk=ea9e99610460719c&fccid=645d83ee4cbe1d25&vjs=3
46,Data Analyst (Remote),Low Latency Recruiting,"$74K - $93.8K a year is Indeed's estimated salary for this role in Portland, OR.",,https://www.indeed.com/rc/clk?jk=40f464d53a71c61a&fccid=952d03867ad6d578&vjs=3
47,Data Informatics Analyst 2,WEX Inc.,"$60,000 - $80,000 a year",Full-time,https://www.indeed.com/rc/clk?jk=80c0208dff145e4f&fccid=c9538b927313f8e0&vjs=3
48,Quality and Health Equity Data Analyst - Telecommute,UnitedHealthcare,,Full-time,https://www.indeed.com/rc/clk?jk=d6013685be2854aa&fccid=d3d3520998346837&vjs=3
49,Data Analyst,HelioCampus Inc,$58.2K - $73.6K a year is Indeed's estimated salary for this role in Remote.,,https://www.indeed.com/rc/clk?jk=95e51b4b97bcbe72&fccid=8294a1f3b06f6661&vjs=3
50,Data Quality Analyst,ServiceTitan,$65.7K - $83.1K a year is Indeed's estimated salary for this role in Remote.,Full-time,https://www.indeed.com/rc/clk?jk=b757f419c338832f&fccid=88323fbac065cf8f&vjs=3
51,CAMP Business Analyst - Telecommute,UnitedHealthcare,,Full-time,https://www.indeed.com/rc/clk?jk=aeed0db7a0c092b4&fccid=d3d3520998346837&vjs=3
52,Data Analyst II Remote Available,Health Net of California,,,https://www.indeed.com/rc/clk?jk=62ceeec056401c99&fccid=5ece327da33e0274&vjs=3
53,Public Health Data Analyst,Southern New Jersey Perinatal Cooperative,"$55,000 - $65,000 a year",Full-time,https://www.indeed.com/rc/clk?jk=6199b28b6540621f&fccid=5d48ac14a8281f7e&vjs=3
54,Data Marketing Analyst (Remote-Latam),Loadsmart,$68.8K - $87.2K a year is Indeed's estimated salary for this role in Remote.,Contract,https://www.indeed.com/rc/clk?jk=2247704db9c948b4&fccid=bf02915605893e1a&vjs=3
55,Data Conversion Analyst,Grant Street Group,$67.2K - $85K a year is Indeed's estimated salary for this role in Remote.,,https://www.indeed.com/rc/clk?jk=a68f542e9ad1f845&fccid=23b4cebad6818890&vjs=3
56,"Data Analyst, Payroll - Remote",Greystar Real Estate Partners LLC,,Full-time,https://www.indeed.com/rc/clk?jk=297a1fdfef3dfb8f&fccid=2acd6fee0f6b700e&vjs=3
57,Data Analyst I,Visual Connections,,Full-time,https://www.indeed.com/rc/clk?jk=292677cb0780a9d9&fccid=fd44f48806b0f68b&vjs=3
58,Insights Data Analyst,Human Security,$72.7K - $92.1K a year is Indeed's estimated salary for this role in United States.,Full-time,https://www.indeed.com/rc/clk?jk=d1b5ba45642a8309&fccid=2e1c35da13472a98&vjs=3
59,Report Analyst - Telecommute,Optum,,Full-time,https://www.indeed.com/rc/clk?jk=fd6b4ef83f057ee6&fccid=3c38342724c75954&vjs=3
60,Invoice Processing Clerk - Remote,"Cass Information Systems, Inc.","$28.5K - $36.1K a year is Indeed's estimated salary for this role in Jacksonville, FL.",Full-time,https://www.indeed.com/rc/clk?jk=6e462c9a89099c30&fccid=e3320089d336671d&vjs=3
61,Data Entry Coordinator II,BGIS,,Full-time,https://www.indeed.com/rc/clk?jk=c41f7bda539513a6&fccid=84c23fbcabc14d59&vjs=3
62,MEDICAL RECORDS SPECIALIST I (DOCUMENT CLASSIFICATION SPECIALIST),ABI Document Support Services,,Full-time,https://www.indeed.com/rc/clk?jk=ee6b8365d6aecca8&fccid=d76daee558837949&vjs=3
63,Remote Order Entry Pharmacist (PRN),J & R Fuller LLC,$90.3K - $114K a year is Indeed's estimated salary for this role in Remote.,PRN,https://www.indeed.com/rc/clk?jk=ff4ecf20d76ad856&fccid=a12ea945e0df53af&vjs=3
64,Front Desk Receptionist/Data Entry,ARMADA ANALYTICS,$20 - $25 an hour,Full-time,https://www.indeed.com/company/NJ-Vein-and-Laser-Center/jobs/Front-Desk-Receptionist-Data-Entry-5f34e8edbde668f3?fccid=1d06749e8cb4a16b&vjs=3
65,Data Entry Clerk,Self Enhancement Inc,$17.78 an hour,Part-time,https://www.indeed.com/rc/clk?jk=c446740434ed4c22&fccid=bd66a5deff7e4f11&vjs=3
66,Data Entry / Job Poster,ApplicantPro,$10 an hour,Part-time,https://www.indeed.com/rc/clk?jk=c720008618ada613&fccid=9ffa9b2e4859fc3c&vjs=3
67,Data Entry Clerk,Edgewood Centre,$28.2K - $35.6K a year is Indeed's estimated salary for this role in Remote.,,https://www.indeed.com/rc/clk?jk=0bec61ca7d05ef77&fccid=268e593c10d08b0d&vjs=3
68,"SkyBitz, SmartLynx, Citrix - Data Entry",MDB Services,$15 - $17 an hour,Part-time,https://www.indeed.com/company/MDB-Services/jobs/Skybitz-750c05da95caf6f7?fccid=0d9b0455c4e8df34&vjs=3
69,ChartSwap Data Entry,Ontellus,$29.7K - $37.7K a year is Indeed's estimated salary for this role in Remote.,Full-time,https://www.indeed.com/company/Ontellus/jobs/Chartswap-Data-Entry-c0fc52dc0630a247?fccid=3cf7e210b4fc9386&vjs=3
70,Data Entry Clerk Remote,BistroUX,"$32.7K - $41.3K a year is Indeed's estimated salary for this role in Mesa, AZ.",,https://www.indeed.com/rc/clk?jk=c032a1dcecbf75d1&fccid=ee3173bdad7494f4&vjs=3
71,Data Entry Clerk Work From Home,Beacon Residential Management,$19 - $22 an hour,Full-time,https://www.indeed.com/rc/clk?jk=2bf489da4e94abcf&fccid=28afafc38ac947ca&vjs=3
72,Data Entry Clerk ( REMOTE),Gary Hampton Construction,$22.95 an hour,Full-time,https://www.indeed.com/rc/clk?jk=6b732229e6dbf69b&fccid=dd616958bd9ddc12&vjs=3
73,Data Entry Clerk Remote,Niche construction and consulting,"$32.2K - $40.8K a year is Indeed's estimated salary for this role in East Wenatchee, WA.",Full-time,https://www.indeed.com/rc/clk?jk=44ef5a31fce39cba&fccid=dd616958bd9ddc12&vjs=3
74,Remote Data Entry Clerk,"Premier Lending, Inc.",$30.6K - $38.8K a year is Indeed's estimated salary for this role in Remote.,,https://www.indeed.com/rc/clk?jk=b35fb15903b3828f&fccid=cb4a0e28e8790272&vjs=3
75,Data Entry Clerk Work From Home,Beacon Residential Management,$19 - $22 an hour,Full-time,https://www.indeed.com/rc/clk?jk=bc05e55919901494&fccid=28afafc38ac947ca&vjs=3
76,Remote Data Entry Specialist,Charles Thomas Construction,$30 - $60 an hour,Full-time,https://www.indeed.com/rc/clk?jk=d9b02477d263a97d&fccid=dd616958bd9ddc12&vjs=3
77,Digital Data Entry Remote Work,Ladies of Promise Inc,"$35.7K - $45.1K a year is Indeed's estimated salary for this role in New York, NY.",Part-time,https://www.indeed.com/rc/clk?jk=b93004483bcb7fd2&fccid=afc014ab31589491&vjs=3
78,DATA ENTRY CLERK I - PART TIME,Goodman Campbell Brain and Spine,$24.2K - $30.6K a year is Indeed's estimated salary for this role in Indiana.,Part-time,https://www.indeed.com/rc/clk?jk=7b147a98106b7341&fccid=6597ac8b010437bc&vjs=3
79,Data Entry Representative,The Fundworks LLC,$16 - $18 an hour,Full-time,https://www.indeed.com/company/The-Fundworks/jobs/Data-Entry-Representative-40dd8ed1022e920c?fccid=4dd5f6386b6ba820&vjs=3
80,Data Entry/Customer Service,Montgomery Properties,$17 - $23 an hour,Full-time,https://www.indeed.com/company/Montgomery-Properties/jobs/Data-Entry-Customer-Service-8b41750090410f37?fccid=68db071849738732&vjs=3
81,Order / Data Entry Specialist,RefinedKind Pet Products,$20 - $25 an hour,Part-time,https://www.indeed.com/rc/clk?jk=61f4946d880aec1d&fccid=d2c35e62236254c3&vjs=3
82,Data Entry Administrator,MAXIMUS,$23 an hour,Full-time,https://www.indeed.com/company/Maximus/jobs/Data-Entry-Administrator-b9fc26fd6c6b6761?fccid=bf9f689e7d6d18c6&vjs=3
83,Data Entry/Underwriter,Smart Ims,$16 an hour,Contract,https://www.indeed.com/rc/clk?jk=0d18934daec759e7&fccid=0081505cbfcf919b&vjs=3
84,Data Processor/Data Processing Clerk,CO,$15 - $16 an hour,Full-time,https://www.indeed.com/company/co/jobs/Data-Processor-Data-Processing-Clerk-b448526f826653a0?fccid=7c2d5b7088271f58&vjs=3
85,Quality Control Specialist- Data Entry,HealthMark Medical Group,$14 - $15 an hour,Full-time,https://www.indeed.com/rc/clk?jk=9a1b426e11485321&fccid=e8de556e81713a8d&vjs=3
86,"High volume data entry,Outlook,PowerPoint,Microsoft",Tellus Solutions,$18.00 - $18.33 an hour,Full-time,https://www.indeed.com/company/Tellus-Solutions/jobs/High-Volume-Data-Entry-07390d3f7080c198?fccid=def1eacd3dd4aba0&vjs=3
87,Mortgage Data Entry Specialist (Remote),MetaSource,,Full-time,https://www.indeed.com/rc/clk?jk=5622a0f3c174cd9f&fccid=b7ae37171216fdc5&vjs=3
88,REMOTE ~ Data Entry Pharmacy Technician,Specialty Rx Inc,$30.2K - $38.2K a year is Indeed's estimated salary for this role in Remote.,Full-time,https://www.indeed.com/rc/clk?jk=fc44b1f1c72b0d1f&fccid=4d3a480c8a765b47&vjs=3
89,REMOTE DATA ENTRY SPECIALIST,Neurocare Inc,"$29K - $36.8K a year is Indeed's estimated salary for this role in Nashville, TN.",Full-time,https://www.indeed.com/rc/clk?jk=164beb7afd2c1e85&fccid=c4c631fea0c76256&vjs=3
90,Data Entry Clerk - 2nd Shift (Remote),DTSV Inc,$15.45 an hour,Full-time,https://www.indeed.com/rc/clk?jk=47dcdbda1b35402f&fccid=5f4734be3d0d8354&vjs=3
91,Data Entry,Database USA,$15 an hour,Full-time,https://www.indeed.com/rc/clk?jk=944469396926dc00&fccid=3b6c3fb5ebc5aa95&vjs=3
92,Data Entry Clerk for Construction - Remote,HK Global Trading,"$27.9K - $35.3K a year is Indeed's estimated salary for this role in Doral, FL.",Full-time,"https://www.indeed.com/company/HKG-Duty-Free-Mexico,-S.-de-R.L.-de-C.V./jobs/Data-Entry-Clerk-Construction-b036b50ba423b87e?fccid=c85386dacd94ff52&vjs=3"
93,Account Editor - Transcription and Data Entry Specialist,TSOLife,$12.50 an hour,Full-time,https://www.indeed.com/company/TSOLife/jobs/Account-Editor-430dfd3f4d66b18b?fccid=455ae52ca7a80d34&vjs=3
94,Data Entry Specialist,JPR Group,$15 - $18 an hour,Full-time,https://www.indeed.com/company/JPR-Group/jobs/Data-Entry-Specialist-31c71aed10af3e04?fccid=2f95988c74d83bd4&vjs=3
95,Data Entry Clerk,Bonafide,"$32,345 - $41,233 a year",Full-time,https://www.indeed.com/rc/clk?jk=1907ebca07f14a3a&fccid=7f047c4c41400230&vjs=3
96,Remote Part-Time Data Entry/Administrative Clerk,Santa Barbara Audubon Society,$29.6K - $37.4K a year is Indeed's estimated salary for this role in Remote.,Part-time,https://www.indeed.com/rc/clk?jk=d14b8c8b913f9640&fccid=57f52db5e9f5c8e8&vjs=3
97,Criminal Data Entry Analyst (REMOTE),"InfoMart, Inc.","$28.3K - $35.9K a year is Indeed's estimated salary for this role in Marietta, GA.",Full-time,"https://www.indeed.com/company/InfoMart,-Inc./jobs/Criminal-Data-Entry-Analyst-2b3fae92689de822?fccid=e0fedebfee0b3cad&vjs=3"
98,Customer Data Entry Specialist,Connect America,,,https://www.indeed.com/rc/clk?jk=f81b1bea2aac2749&fccid=fb5827fa320df124&vjs=3
99,Customer Support Representative/Data Entry,AgentPromoter,$16 - $19 an hour,Full-time,https://www.indeed.com/company/AgentPromoter/jobs/Customer-Support-Representative-Data-Entry-8622a6bef08c2b4d?fccid=83de80cbd382f1cf&vjs=3
100,Data Entry Technician,"Contact Government Services, LLC",$36.4K - $46K a year is Indeed's estimated salary for this role in Remote.,Full-time,https://www.indeed.com/rc/clk?jk=ca434861f8d2ca50&fccid=d5cf2062d2701c6e&vjs=3
101,Data Entry Clerk,Relationship Therapy Center,$14.50 - $16.00 an hour,Part-time,https://www.indeed.com/company/Relationship-Therapy-Center/jobs/Data-Entry-Clerk-37ade1286e4f58e4?fccid=7279ea6d5003189a&vjs=3
102,Data Entry Associate,Consumer Direct Care Network,$15 an hour,Full-time,https://www.indeed.com/company/Consumer-Direct-Care-Network/jobs/Data-Entry-Associate-531d7ef1c20d7ca1?fccid=62e538feb9e319eb&vjs=3
103,Junior Customer Support/Data Entry Technician - REMOTE,"AdNet AccountNet, Inc.",,Contract,https://www.indeed.com/rc/clk?jk=04f0777e77992718&fccid=714d3d55e1dbfb60&vjs=3
104,Data Entry (remote),ECINC,From $9 an hour,Full-time,https://www.indeed.com/company/Laboratorio-Doctor-Center-Inc./jobs/Data-Entry-5d3125070619b774?fccid=3929d00bbc64121f&vjs=3
105,Junior Customer Support/Data Entry Technician - REMOTE,"AdNet AccountNet, Inc.",,Contract,https://www.indeed.com/rc/clk?jk=04f0777e77992718&fccid=714d3d55e1dbfb60&vjs=3
106,"Accounts Receivable, Accounts Payable, and Clerical Data Entry",ATD Solutions LLC,$12 - $14 an hour,Full-time,https://www.indeed.com/company/ATD-Solutions-LLC/jobs/Account-Receivable-c482b6a5c6c09e08?fccid=dcb780a31a67d2a3&vjs=3
107,Regulatory Data Entry Specialist,"DRT Strategies, Inc.",$36.2K - $45.8K a year is Indeed's estimated salary for this role in Remote.,Full-time,https://www.indeed.com/rc/clk?jk=52395a975f0e5d38&fccid=3cd2afdfeb998d68&vjs=3
108,Data Clerk,BOYS & GIRLS CLUBS OF GREATER AUGUSTA,"$24.7K - $31.3K a year is Indeed's estimated salary for this role in Sandersville, GA.",Part-time,https://www.indeed.com/rc/clk?jk=134553531ea65e51&fccid=bdf4106cc804feb5&vjs=3
109,Order Entry Specialist,Cross Technologies Inc.,,Full-time,https://www.indeed.com/rc/clk?jk=fa24327880cc3436&fccid=6e682a34338d41d6&vjs=3
110,Order Entry Associate (Remote within DFW),Fortress Building Products,$17 - $18 an hour,Full-time,https://www.indeed.com/company/Fortress-Building-Products/jobs/Order-Entry-Associate-d484ddffd9d04d4f?fccid=5a903d27e700a39b&vjs=3
111,Order Processor/Administrative Assistant/Data Entry,KnowBe4,"$26.8K - $34K a year is Indeed's estimated salary for this role in Clearwater, FL.",,https://www.indeed.com/rc/clk?jk=e887e7fc18f807e7&fccid=107bcb4ff5567127&vjs=3
112,Pharmacy Order Entry Specialist - 2nd Shift ( partly remote ) Pharmacy experience required!,LIFELINE PHARMACY,$16 - $18 an hour,Full-time,https://www.indeed.com/rc/clk?jk=a009a11d6e825fdd&fccid=b9e161c649451ac2&vjs=3
113,Vulnerability Data Entry Analyst,Defiant,$34.7K - $43.9K a year is Indeed's estimated salary for this role in Remote.,Full-time,https://www.indeed.com/rc/clk?jk=b4bce93d943900cd&fccid=79125efa83842adb&vjs=3
114,"Reimbursement Specialist – Order Entry (HYBRID or REMOTE, Tuesday through Saturday Shift)",Guardant Health,,Full-time,https://www.indeed.com/rc/clk?jk=4742d785f8d5775d&fccid=683d5c0d6857592f&vjs=3
115,Sales Support/Data Entry - 360 Home Connect (Remote Possibility),d'aprile properties + Midwest Lending,,Full-time,https://www.indeed.com/company/d'aprile-properties/jobs/Sales-Support-Data-Entry-a95515a10b443c67?fccid=08452e337442d560&vjs=3
116,Entry Level - Data Entry Clerk,"RTI Consulting, LLC",$20 - $22 an hour,Full-time,"https://www.indeed.com/company/RTI-Consulting,-LLC./jobs/Entry-Level-21ed8a2e5788b58b?fccid=f9df51542c026348&vjs=3"
117,Data Entry Specialist and Supplemental Support,Miniter Group,From $14 an hour,Full-time,https://www.indeed.com/company/Miniter-Group/jobs/Data-Entry-Specialist-Supplemental-Support-905bb3359e22ba9d?fccid=80e2c56cd91609f9&vjs=3
118,Data entry and submissions,High Class Auto Glass,$12 - $23 an hour,Contract,https://www.indeed.com/company/High-Class-Auto-Glass/jobs/Data-Entry-Submission-5743ec20b7538286?fccid=509760994178821f&vjs=3
119,Data Entry Clerk (US Based),SparkAI,$15 an hour,Part-time,https://www.indeed.com/company/SparkAI/jobs/Data-Entry-Clerk-41c5391694408b79?fccid=8a3aeae571e7ae33&vjs=3
120,Data Entry Operator,Serco North America,,Full-time,https://www.indeed.com/rc/clk?jk=88c7d8ac9801bbf1&fccid=6e5a32280a829576&vjs=3
121,Data Entry Operator,Change Healthcare,,Full-time,https://www.indeed.com/rc/clk?jk=e899898b19c1f571&fccid=b1bd9b34a39d5dcd&vjs=3
122,"Medical Claims Entry Operator-Remote (AK, AZ, FL, ID, OR, TX, WA)",Moda Health,,Full-time,https://www.indeed.com/rc/clk?jk=148c2368b2f222fb&fccid=8afef215a6093116&vjs=3
123,Remote Operations Center (ROC) - Control Room Operator,IHI Power Services Corp,"$40.9K - $51.7K a year is Indeed's estimated salary for this role in Aliso Viejo, CA.",Full-time,https://www.indeed.com/company/IHI-Power-Services-Corp/jobs/Remote-Operation-Center-1608ccdf1d6a21cf?fccid=8cdd8dc08339ab8d&vjs=3
124,Call Center Operator I (Thai),Asian Pacific Health Care Venture,$17 an hour,Full-time,https://www.indeed.com/rc/clk?jk=d4636f7c1417d978&fccid=0968f9220a7a909c&vjs=3
125,Customer Service Analysts / Contact Center / Call Centre Operator,Emonics LLC,$10 - $12 an hour,Full-time,https://www.indeed.com/company/Emonics-LLC/jobs/Customer-Service-Analyst-ae46026c9d8cd0fb?fccid=d62a257808696d87&vjs=3
126,Data Entry Operator,Serco North America,,Full-time,https://www.indeed.com/rc/clk?jk=88c7d8ac9801bbf1&fccid=6e5a32280a829576&vjs=3
127,Data Entry Operator,Change Healthcare,,Full-time,https://www.indeed.com/rc/clk?jk=e899898b19c1f571&fccid=b1bd9b34a39d5dcd&vjs=3
128,"Medical Claims Entry Operator-Remote (AK, AZ, FL, ID, OR, TX, WA)",Moda Health,,Full-time,https://www.indeed.com/rc/clk?jk=148c2368b2f222fb&fccid=8afef215a6093116&vjs=3
129,Remote Operations Center (ROC) - Control Room Operator,IHI Power Services Corp,"$40.9K - $51.7K a year is Indeed's estimated salary for this role in Aliso Viejo, CA.",Full-time,https://www.indeed.com/company/IHI-Power-Services-Corp/jobs/Remote-Operation-Center-1608ccdf1d6a21cf?fccid=8cdd8dc08339ab8d&vjs=3
130,Call Center Operator I (Thai),Asian Pacific Health Care Venture,$17 an hour,Full-time,https://www.indeed.com/rc/clk?jk=d4636f7c1417d978&fccid=0968f9220a7a909c&vjs=3
131,Customer Service Analysts / Contact Center / Call Centre Operator,Emonics LLC,$10 - $12 an hour,Full-time,https://www.indeed.com/company/Emonics-LLC/jobs/Customer-Service-Analyst-ae46026c9d8cd0fb?fccid=d62a257808696d87&vjs=3
132,Data Entry Operator,Serco North America,,Full-time,https://www.indeed.com/rc/clk?jk=88c7d8ac9801bbf1&fccid=6e5a32280a829576&vjs=3
133,Data Entry Operator,Change Healthcare,,Full-time,https://www.indeed.com/rc/clk?jk=e899898b19c1f571&fccid=b1bd9b34a39d5dcd&vjs=3
134,"Medical Claims Entry Operator-Remote (AK, AZ, FL, ID, OR, TX, WA)",Moda Health,,Full-time,https://www.indeed.com/rc/clk?jk=148c2368b2f222fb&fccid=8afef215a6093116&vjs=3
135,Remote Operations Center (ROC) - Control Room Operator,IHI Power Services Corp,"$40.9K - $51.7K a year is Indeed's estimated salary for this role in Aliso Viejo, CA.",Full-time,https://www.indeed.com/company/IHI-Power-Services-Corp/jobs/Remote-Operation-Center-1608ccdf1d6a21cf?fccid=8cdd8dc08339ab8d&vjs=3
136,Call Center Operator I (Thai),Asian Pacific Health Care Venture,$17 an hour,Full-time,https://www.indeed.com/rc/clk?jk=d4636f7c1417d978&fccid=0968f9220a7a909c&vjs=3
137,Customer Service Analysts / Contact Center / Call Centre Operator,Emonics LLC,$10 - $12 an hour,Full-time,https://www.indeed.com/company/Emonics-LLC/jobs/Customer-Service-Analyst-ae46026c9d8cd0fb?fccid=d62a257808696d87&vjs=3
138,Data Entry Operator,Serco North America,,Full-time,https://www.indeed.com/rc/clk?jk=88c7d8ac9801bbf1&fccid=6e5a32280a829576&vjs=3
139,Data Entry Operator,Change Healthcare,,Full-time,https://www.indeed.com/rc/clk?jk=e899898b19c1f571&fccid=b1bd9b34a39d5dcd&vjs=3
140,"Medical Claims Entry Operator-Remote (AK, AZ, FL, ID, OR, TX, WA)",Moda Health,,Full-time,https://www.indeed.com/rc/clk?jk=148c2368b2f222fb&fccid=8afef215a6093116&vjs=3
141,Remote Operations Center (ROC) - Control Room Operator,IHI Power Services Corp,"$40.9K - $51.7K a year is Indeed's estimated salary for this role in Aliso Viejo, CA.",Full-time,https://www.indeed.com/company/IHI-Power-Services-Corp/jobs/Remote-Operation-Center-1608ccdf1d6a21cf?fccid=8cdd8dc08339ab8d&vjs=3
142,Call Center Operator I (Thai),Asian Pacific Health Care Venture,$17 an hour,Full-time,https://www.indeed.com/rc/clk?jk=d4636f7c1417d978&fccid=0968f9220a7a909c&vjs=3
143,Customer Service Analysts / Contact Center / Call Centre Operator,Emonics LLC,$10 - $12 an hour,Full-time,https://www.indeed.com/company/Emonics-LLC/jobs/Customer-Service-Analyst-ae46026c9d8cd0fb?fccid=d62a257808696d87&vjs=3
144,Database Administration Specialist 2,State of Ohio Jobs,$34.86 an hour,Full-time,https://www.indeed.com/rc/clk?jk=47b128e84d48cda3&fccid=adab04218ef837d0&vjs=3
145,"Staff Data Engineer, SQL DBA (Remote)",Citrix,,Full-time,https://www.indeed.com/rc/clk?jk=e0c4a005b67521c9&fccid=3c41eea00c4f384f&vjs=3
146,Oracle Application DBA,CACI,,Full-time,https://www.indeed.com/rc/clk?jk=32a1b13473eec6c4&fccid=5fca42294cdbc080&vjs=3
147,Informix Software Engineer (Remote),Inmar,,Full-time,https://www.indeed.com/rc/clk?jk=78105ee7ee10ae58&fccid=7ca34b4de572548d&vjs=3
148,Lead Database Administrator– Epic ODB (Remote Eligible w/in Iowa),The University of Iowa,"$70,000 a year",Full-time,https://www.indeed.com/rc/clk?jk=50be5a896fd7dc23&fccid=fa9286d53c8ca6e7&vjs=3
149,Cloud DBA Engineer,Ripcord,"$121K - $153K a year is Indeed's estimated salary for this role in Hayward, CA.",,https://www.indeed.com/rc/clk?jk=74a4070571ccd735&fccid=c3c885db3b252897&vjs=3
150,TS Application Support Database Administrator,Park National Bank,$62.2K - $78.8K a year is Indeed's estimated salary for this role in Ohio.,Full-time,https://www.indeed.com/rc/clk?jk=c1445d2176f0541e&fccid=a945cd29322b8511&vjs=3
151,MySQL DBA / Linux Engineer (Remote),Panasonic Avionics Corporation,,Full-time,https://www.indeed.com/rc/clk?jk=6dc7ab08246b7fb0&fccid=a1488be096cd2e3f&vjs=3
152,Oracle EXADATA Cloud Services DBA (14483),Baer Group,"$109K - $138K a year is Indeed's estimated salary for this role in San Antonio, TX.",,https://www.indeed.com/rc/clk?jk=ace2dc5c3e8c4437&fccid=0596141d02f55160&vjs=3
153,Database Administrator (PostgreSQL),Business Intelli Solutions,Up to $65 an hour,Contract,https://www.indeed.com/company/Business-Intelli-Solutions/jobs/Database-Administrator-736375a709decbd1?fccid=13dfaa46252e7d8b&vjs=3
154,Database Administrator,"Morgan 6, LLC",$84.6K - $107K a year is Indeed's estimated salary for this role in Remote.,Full-time,https://www.indeed.com/rc/clk?jk=35e02594ccd312ac&fccid=f61edb5645130547&vjs=3
155,SQL DBA with Azure,KSM Technologies,"$63,319 - $130,041 a year",Full-time,https://www.indeed.com/company/KSM-Technologies/jobs/SQL-Database-Administrator-Azure-ab10f4cb4e37537b?fccid=f1b269d0e8754510&vjs=3
156,Database Administrator,The Lifetime Value Co.,$84.2K - $107K a year is Indeed's estimated salary for this role in Remote.,Full-time,https://www.indeed.com/company/The-Lifetime-Value-Co./jobs/Database-Administrator-dca8bbd7fa6f231d?fccid=177fc8e06167328e&vjs=3
157,Database Administrator,Foundation Finance,$73.1K - $92.5K a year is Indeed's estimated salary for this role in Remote.,Full-time,https://www.indeed.com/rc/clk?jk=bbbd1be68f9d5afd&fccid=3f66024284ba2da7&vjs=3
158,ADABAS DBA / NATURAL Administrator / EntireX Specialist,iconvergence,"$120,000 - $170,000 a year",Full-time,https://www.indeed.com/company/iConvergenceSolutions/jobs/Adaba-Database-Administrator-11b2d96fac58a1bc?fccid=8048f09ea2d1f72f&vjs=3
159,SQL Server DBA,Business Intelli Solutions,Up to $50 an hour,Part-time,https://www.indeed.com/company/Business-Intelli-Solutions/jobs/SQL-Server-Database-Administrator-2c322749bc7f1cf7?fccid=13dfaa46252e7d8b&vjs=3
160,DATABASE ADMINISTRATOR (ENTRY LEVEL),XR Trading LLC,$69.5K - $87.9K a year is Indeed's estimated salary for this role in Remote.,Full-time,https://www.indeed.com/rc/clk?jk=71fc0a2fada52a34&fccid=ede527781e6e84a8&vjs=3
161,Senior Database Administrator,Scientific Games,"Up to $120,000 a year",Full-time,https://www.indeed.com/company/Scientific-Games/jobs/Senior-Database-Administrator-87913da997583e19?fccid=c84a7d17b9b1910b&vjs=3
162,Database Admin (Oracle & SQL Server),Techskills,,Full-time,https://www.indeed.com/company/Techskills/jobs/Database-Admin-79dcec3a25f38175?fccid=ddf7d8b63b3a0f52&vjs=3
163,Database Administrator (DBA),"Info Origin, Inc.",Up to $40 an hour,Contract,https://www.indeed.com/company/Info-Origin-Inc./jobs/Database-Administrator-445168008202f179?fccid=938897f7dc30bcce&vjs=3
164,Spatial DBA,cFocus Software Incorporated,$95K - $120K a year is Indeed's estimated salary for this role in Remote.,Full-time,https://www.indeed.com/rc/clk?jk=116ed8fecd8f5543&fccid=477b13f2905d75dd&vjs=3
165,Database Administrator,DT Professional Services,$72.3K - $91.5K a year is Indeed's estimated salary for this role in Remote.,Full-time,https://www.indeed.com/rc/clk?jk=858131630490dbd8&fccid=b2bf02d0821ed6e4&vjs=3
166,GIS Mapping Administrator - Accepting Resumes Only,MDM Solutions LLC,"$93.3K - $118K a year is Indeed's estimated salary for this role in Costa Mesa, CA.",,https://www.indeed.com/rc/clk?jk=be5438de3242655a&fccid=3d5ead3ac3864042&vjs=3
167,Database Administrator - Remote (8718),New Season,,Full-time,https://www.indeed.com/company/New-Season/jobs/Database-Administrator-4509f1337d013942?fccid=8057db886cd9873c&vjs=3
168,Database Administrator,eDriving,$62.4K - $79K a year is Indeed's estimated salary for this role in Remote.,Full-time,https://www.indeed.com/rc/clk?jk=45de239ee6641850&fccid=7e81b9cdab30be60&vjs=3
169,Oracle Apps DBA,UST,"$63,602 - $133,810 a year",Full-time,https://www.indeed.com/company/UST/jobs/Oracle-Apps-Database-Administrator-bb24dd7e4ac935ea?fccid=f4daad4a58860603&vjs=3
170,MySQL Database Administrator,Enfusion,"$82K - $104K a year is Indeed's estimated salary for this role in Chicago, IL.",,https://www.indeed.com/rc/clk?jk=17d7c5a798f2b392&fccid=9a8be0cbac95994a&vjs=3
171,DBA Oracle / SQL Server - Remote,Moorecroft Systems,$109K - $138K a year is Indeed's estimated salary for this role in Remote.,Full-time,https://www.indeed.com/company/Moorecroft-Systems-Inc./jobs/Database-Administrator-Oracle-888ddc171773d87e?fccid=a1eea3d82a5b87cd&vjs=3
172,Clinical Database Associate,Senseonics Incorporated,"$48.5K - $61.5K a year is Indeed's estimated salary for this role in Germantown, MD.",Full-time,https://www.indeed.com/rc/clk?jk=d95a18ccc8cbcb19&fccid=e03921e7dcec04b2&vjs=3
173,Oracle Retail DBA,NR Consulting LLC,$101K - $128K a year is Indeed's estimated salary for this role in Remote.,Contract,https://www.indeed.com/rc/clk?jk=d1604f98ace69cd9&fccid=3800c35bb29ac508&vjs=3
174,Product Database Admin,Reeb Millwork,$83.9K - $106K a year is Indeed's estimated salary for this role in Remote.,Full-time,"https://www.indeed.com/company/Reeb-Millwork---Southeast,-LLC/jobs/Product-Database-Admin-dbfeb11a6af9e26c?fccid=05c2d273aa2fe724&vjs=3"
175,Database and Application Administrator,University of Oregon,$26.79 - $49.71 an hour,Full-time,https://www.indeed.com/rc/clk?jk=6942d38f7db2e24b&fccid=3aa6e2f79750bfc5&vjs=3
176,SQL Backend Developer/DBA,Open Systems Technologies Corporation,,Full-time,https://www.indeed.com/rc/clk?jk=65925ed7fb654862&fccid=87eb742e11869bb8&vjs=3
177,SQL Server Cloud DBA Consultant (REMOTE /Interviewing),Glow Networks,,,https://www.indeed.com/rc/clk?jk=c416f7816e60d58f&fccid=d53acda6324e8d6f&vjs=3
178,ADABAS DATABASE SPECIALIST WITH SAF SECURITY - W2 / 1099 POSITION,DAtec Solutions,$36.8K - $46.6K a year is Indeed's estimated salary for this role in Remote.,Full-time,https://www.indeed.com/company/DAtec-Solutions/jobs/Adaba-Database-Specialist-Saf-Security-cb98a8b71b29b476?fccid=2573625af8325d62&vjs=3
179,Copy of Remote Adabas DBA,ClientSolv Technologies,"$113K - $143K a year is Indeed's estimated salary for this role in Atlanta, GA.",Contract,https://www.indeed.com/rc/clk?jk=ff9b08850855f743&fccid=d25525f95db539b9&vjs=3
180,ORACLE DBA,Cyber Resource,"$65,687 - $136,275 a year",Full-time,https://www.indeed.com/company/Cyber-Resource/jobs/Oracle-Database-Administrator-69cfe5097796055f?fccid=f019837ce3418006&vjs=3
181,SQL Database Analyst,Buxton,$66.2K - $83.8K a year is Indeed's estimated salary for this role in Remote.,Full-time,https://www.indeed.com/rc/clk?jk=b0ae9fca6358bd68&fccid=9cb95ef424f80e15&vjs=3
182,Database Administrator / Support Engineer,"Altinity, Inc.",$103K - $130K a year is Indeed's estimated salary for this role in Remote.,Full-time,https://www.indeed.com/rc/clk?jk=95681f1d764ce918&fccid=17728be6896f5b04&vjs=3
183,"Site Reliability Engineer IV, DBA/Storage",Stash,"$134K - $170K a year is Indeed's estimated salary for this role in New York, NY.",,https://www.indeed.com/rc/clk?jk=576c52e3693945f1&fccid=6d044ebfc8cbca1f&vjs=3
184,Oracle DBA Expert,HumanIT Solutions,"$101K - $128K a year is Indeed's estimated salary for this role in Beavercreek, OH.",Full-time,https://www.indeed.com/company/HumanIT-Solutions-LLC/jobs/Oracle-Database-Administrator-Expert-08c097c66d26a0ea?fccid=94a095a7f6dad43b&vjs=3
185,ClickHouse Solutions Engineer / DBA,"Altinity, Inc.",$102K - $130K a year is Indeed's estimated salary for this role in Remote.,Full-time,https://www.indeed.com/rc/clk?jk=99ae837fd04ce27e&fccid=17728be6896f5b04&vjs=3
186,Oracle Apps DBA,UST,"$63,602 - $133,810 a year",Full-time,https://www.indeed.com/company/UST/jobs/Oracle-Apps-Database-Administrator-bb24dd7e4ac935ea?fccid=f4daad4a58860603&vjs=3
187,Product Database Admin,Reeb Millwork,$83.9K - $106K a year is Indeed's estimated salary for this role in Remote.,Full-time,"https://www.indeed.com/company/Reeb-Millwork---Southeast,-LLC/jobs/Product-Database-Admin-dbfeb11a6af9e26c?fccid=05c2d273aa2fe724&vjs=3"
188,Oracle Retail DBA,NR Consulting LLC,$101K - $128K a year is Indeed's estimated salary for this role in Remote.,Contract,https://www.indeed.com/rc/clk?jk=d1604f98ace69cd9&fccid=3800c35bb29ac508&vjs=3
189,Clinical Database Associate,Senseonics Incorporated,"$48.5K - $61.5K a year is Indeed's estimated salary for this role in Germantown, MD.",Full-time,https://www.indeed.com/rc/clk?jk=d95a18ccc8cbcb19&fccid=e03921e7dcec04b2&vjs=3
190,Database and Application Administrator,University of Oregon,$26.79 - $49.71 an hour,Full-time,https://www.indeed.com/rc/clk?jk=6942d38f7db2e24b&fccid=3aa6e2f79750bfc5&vjs=3
191,ADABAS DATABASE SPECIALIST WITH SAF SECURITY - W2 / 1099 POSITION,DAtec Solutions,$36.8K - $46.6K a year is Indeed's estimated salary for this role in Remote.,Full-time,https://www.indeed.com/company/DAtec-Solutions/jobs/Adaba-Database-Specialist-Saf-Security-cb98a8b71b29b476?fccid=2573625af8325d62&vjs=3
192,SQL Backend Developer/DBA,Open Systems Technologies Corporation,,Full-time,https://www.indeed.com/rc/clk?jk=65925ed7fb654862&fccid=87eb742e11869bb8&vjs=3
193,SQL Server Cloud DBA Consultant (REMOTE /Interviewing),Glow Networks,,,https://www.indeed.com/rc/clk?jk=c416f7816e60d58f&fccid=d53acda6324e8d6f&vjs=3
194,Copy of Remote Adabas DBA,ClientSolv Technologies,"$113K - $143K a year is Indeed's estimated salary for this role in Atlanta, GA.",Contract,https://www.indeed.com/rc/clk?jk=ff9b08850855f743&fccid=d25525f95db539b9&vjs=3
195,ORACLE DBA,Cyber Resource,"$65,687 - $136,275 a year",Full-time,https://www.indeed.com/company/Cyber-Resource/jobs/Oracle-Database-Administrator-69cfe5097796055f?fccid=f019837ce3418006&vjs=3
196,SQL Database Analyst,Buxton,$66.2K - $83.8K a year is Indeed's estimated salary for this role in Remote.,Full-time,https://www.indeed.com/rc/clk?jk=b0ae9fca6358bd68&fccid=9cb95ef424f80e15&vjs=3
197,Database Administrator / Support Engineer,"Altinity, Inc.",$103K - $130K a year is Indeed's estimated salary for this role in Remote.,Full-time,https://www.indeed.com/rc/clk?jk=95681f1d764ce918&fccid=17728be6896f5b04&vjs=3
198,"Site Reliability Engineer IV, DBA/Storage",Stash,"$134K - $170K a year is Indeed's estimated salary for this role in New York, NY.",,https://www.indeed.com/rc/clk?jk=576c52e3693945f1&fccid=6d044ebfc8cbca1f&vjs=3
199,Oracle DBA Expert,HumanIT Solutions,"$101K - $128K a year is Indeed's estimated salary for this role in Beavercreek, OH.",Full-time,https://www.indeed.com/company/HumanIT-Solutions-LLC/jobs/Oracle-Database-Administrator-Expert-08c097c66d26a0ea?fccid=94a095a7f6dad43b&vjs=3
200,ClickHouse Solutions Engineer / DBA,"Altinity, Inc.",$102K - $130K a year is Indeed's estimated salary for this role in Remote.,Full-time,https://www.indeed.com/rc/clk?jk=99ae837fd04ce27e&fccid=17728be6896f5b04&vjs=3
